title, tag, url, baidu, baidu_code, tianyi, tianyi_code
香草妹妹：男女欲望唤起前戏15课,两性相关, https://www.x6d.com/i-wz-10594.html, https://pan.baidu.com/s/1XTRIw1hOmAmYoAqSpkuxsA, 2333, https://cloud.189.cn/t/vIBVBrbuMFrq, z8hd
2020年最新零基础Python教程,编程办公, https://www.x6d.com/i-wz-10569.html, https://pan.baidu.com/s/1FUdPBFyPRFLOy8z88oP67Q, 2333, https://cloud.189.cn/t/mQzQ7nIjIjma, y9g3
2020实战约会：一次追到女神,两性相关, https://www.x6d.com/i-wz-10522.html, https://pan.baidu.com/s/1mnC7Zl3NZuz0RpA52MZHmw, 2333, https://cloud.189.cn/t/QnYV7jVNvyQf, 013p
李熙墨：100天变身情趣高手,两性相关, https://www.x6d.com/i-wz-10518.html, https://pan.baidu.com/s/1xmbzmWWT_KPtYicr0b4Ceg, 2333, https://cloud.189.cn/t/N3eqmibeM7zq, nys5
然哥：21天说好普通话训练营,自我提升, https://www.x6d.com/i-wz-10583.html, https://pan.baidu.com/s/1brP9NDGsmEgEVseXuGHKMw, 2333, https://cloud.189.cn/t/rUjeYvquuauq, ci4w
幸福小娘子提升课65门完整版,两性相关, https://www.x6d.com/i-wz-10538.html, https://pan.baidu.com/s/15RCD_zAeYWTjh2pe6mD8kg, 2333, https://cloud.189.cn/t/7FvyAnmENj6b, qay0
奥斯卡剪辑师大师创作全解析,摄影剪辑, https://www.x6d.com/i-wz-10536.html, https://pan.baidu.com/s/1R956rEDw42MWLrxXY2EP8A, 2333, https://cloud.189.cn/t/ZreUbaJzaaUr, 6h1x
设计师必修课：平面构成与版式设计,编程办公, https://www.x6d.com/i-wz-10553.html, https://pan.baidu.com/s/1GHOozoYtyHIR98B4F0W7mQ, 2333, https://cloud.189.cn/t/yqaEbuEr6nAz, mbi2
老吴实战诱惑情商培养私教课,职场关系, https://www.x6d.com/i-wz-10555.html, https://pan.baidu.com/s/157G_TykqMFWUUimzFJqz8w, gd7v, https://cloud.189.cn/t/niiiAz7beEJb, nb2j
换个角度，洞悉相处之道,自我提升, https://www.x6d.com/i-wz-10567.html, https://pan.baidu.com/s/1ybqZf5koBDu_pSrmqN5jNw, 2333, https://cloud.189.cn/t/J3AFJne6Rjye, 0dcx
张新民：财务报表分析必修课,摄影剪辑, https://www.x6d.com/i-wz-10584.html, https://pan.baidu.com/s/10CYaJjhnDiKV_samHUZxRw, 2333, https://cloud.189.cn/t/iimAJfrUn6Vz, 7l41
90天Java进阶训练营三期教程,编程办公, https://www.x6d.com/i-wz-10458.html, https://pan.baidu.com/s/1L3ahl-feXeTL6PNdMuBVHA, 2333, https://cloud.189.cn/t/JjEVJ3ZNf2qa, 67k0
麻瓜编程Python Web基础,编程办公, https://www.x6d.com/i-wz-10472.html, https://pan.baidu.com/s/1vfDwELTdQd1Tga2W3kgiGA, 2333, https://cloud.189.cn/t/iY7rEbyiMJJv, e6rs
即兴表达张口就说，把握每个关键时刻,自我提升, https://www.x6d.com/i-wz-10459.html, https://pan.baidu.com/s/1TouTHNn99gkd4HSL2y-TZw, 2333, https://cloud.189.cn/t/NJnQf2AzYR7z, 8sfp
香蕉公社：床上硬汉养成计划,两性相关, https://www.x6d.com/i-wz-10471.html, https://pan.baidu.com/s/1X4AN6n2MKZmPbxSHGB63hg, 2333, https://cloud.189.cn/t/zu6Nna2QRRrm, qv3e
史上最全婚恋指南：听这些书就够了,两性相关, https://www.x6d.com/i-wz-10441.html, https://pan.baidu.com/s/1QsTXgHPOmIONZvGaLSm1yQ, 2333, https://cloud.189.cn/t/3ARvIbjuAf2i, 0zna
香蕉公社：缓慢先生养成计划,两性相关, https://www.x6d.com/i-wz-10487.html, https://pan.baidu.com/s/1yJJKX8NahUl3_DVPuUULSA, 2333, https://cloud.189.cn/t/EzAbA3y6Rbmy, 1ggl
Python3高级核心技术97讲,编程办公, https://www.x6d.com/i-wz-10440.html, https://pan.baidu.com/s/1dRLhJ_PgK_2W6YqYuSicCw, 2333, https://cloud.189.cn/t/2eYfauuyeame, ton1
Python四周实现爬虫系统,编程办公, https://www.x6d.com/i-wz-10504.html, https://pan.baidu.com/s/1G-XJjTPOf1hXKWb5Uk16qg, 2333, https://cloud.189.cn/t/aUnYJfENvqya, 5jyf
15堂儿童常见病预防和护理课,其他教程, https://www.x6d.com/i-wz-10488.html, https://pan.baidu.com/s/1E_P8SvyAJ7wg0SqKHEgsWQ, 2333, https://cloud.189.cn/t/Bzm2mi3UBJzy, slb7
纯干货30天搞定当众说话,自我提升, https://www.x6d.com/i-wz-10505.html, https://pan.baidu.com/s/1-shzVDlAx4iK8UkS7AOqEw, 2333, https://cloud.189.cn/t/IB3ieymQJ7re, uf34
3招学会地道美语发音技巧,自我提升, https://www.x6d.com/i-wz-10385.html, https://pan.baidu.com/s/1yKkswKK4fH8XXi1NDaDnug, 2333, https://cloud.189.cn/t/InmQba6R3qie, 9tx3
每天3分钟，成为抖音短视频导演,新媒体运营, https://www.x6d.com/i-wz-10415.html, https://pan.baidu.com/s/1vPQX0RM7ErZ4_PQqwM--Zg, 2333, https://cloud.189.cn/t/vIBrIveu67Rf, oyr2
懒人科学健身法：疯狂减脂塑形,健身养生, https://www.x6d.com/i-wz-10364.html, https://pan.baidu.com/s/1zesn7DwuJjsJLEpSveGsag, 2333, https://cloud.189.cn/t/Rv2YNbFjI7z2, ez4y
恶魔奶爸的交际沟通训练营,职场关系, https://www.x6d.com/i-wz-10425.html, https://pan.baidu.com/s/1Q5GX2gHhAc-vj9OJF1G7zA, 2333, https://cloud.189.cn/t/eqq6v2nMBJ7j, me4z
情绪治愈术：驯服不听话的情绪,自我提升, https://www.x6d.com/i-wz-10363.html, https://pan.baidu.com/s/1RCkdY9Ywz8KztuHk3-Lldg, 2333, https://cloud.189.cn/t/QNbEb2qMRnu2, 9owh
教你0基础剪辑出超赞视频,摄影剪辑, https://www.x6d.com/i-wz-10414.html, https://pan.baidu.com/s/1cvAxuWgqGLam1GQ0OWgTmQ, 2333, https://cloud.189.cn/t/iyAniqJjmIVz, y9wr
李熙墨：21天重燃婚内浪漫,两性相关, https://www.x6d.com/i-wz-10386.html, https://pan.baidu.com/s/1Dw4zhF0WeYKGPJK69K4nbg, 2333, https://cloud.189.cn/t/uueUVjiQBV7n, 6tcv
朱光：点燃你健身动力的十堂课,自我提升, https://www.x6d.com/i-wz-10400.html, https://pan.baidu.com/s/1gGXrGylNxT-Ujxo-sYKq-Q, 2333, https://cloud.189.cn/t/2eYRBfE3qAVn, 7au7
屌丝逆袭之浪迹天团私教大课,两性相关, https://www.x6d.com/i-wz-10399.html, https://pan.baidu.com/s/1tsQ29eZsWSqDFk2hxYibsg, 2333, https://cloud.189.cn/t/jUFB7bN3iYBr, 8x8d
红酒课：每天十分钟变红酒行家,长点知识, https://www.x6d.com/i-wz-10293.html, https://pan.baidu.com/s/1aZfB-Kv26A8M4GV0cq2-SQ, 2333, https://cloud.189.cn/t/bI7BVnNV7zqu, ogl0
爱情宝典：赢得爱情长跑,两性相关, https://www.x6d.com/i-wz-10292.html, https://pan.baidu.com/s/1OlobvE6VZXj1MaD9t4rT2Q, 2333, https://cloud.189.cn/t/eyaYfuNFFVBf, ohn7
超级聊天术：如何成为沟通高手,职场关系, https://www.x6d.com/i-wz-10426.html, https://pan.baidu.com/s/1YdemgX-7TXLFEsvUeqAUBg, 2333, https://cloud.189.cn/t/7VRBn2EZnUNb, dic7
四大名著思辨读写课：三国篇,长点知识, https://www.x6d.com/i-wz-10306.html, https://pan.baidu.com/s/1wJwNBpCJNWpZto7y5_2uDw, 2333, https://cloud.189.cn/t/E73YbqZZZnIn, 7yyq
写好字必修课 21天书法训练营,其他教程, https://www.x6d.com/i-wz-10320.html, https://pan.baidu.com/s/1LMavxAqXVW0N0kwL8DHgcA, 2333, https://cloud.189.cn/t/Z3ERVfea2yua, 1byq
6本书教你受益终身的思维方式,自我提升, https://www.x6d.com/i-wz-10319.html, https://pan.baidu.com/s/1WgV-pigCkzKfrtYuc2f3ig, 2333, https://cloud.189.cn/t/jQNnQzFnaqQj, szo9
史上最强费曼学习法特战营,自我提升, https://www.x6d.com/i-wz-10336.html, https://pan.baidu.com/s/1fprV4XoH01r9aBLaYQ4btw, 2333, https://cloud.189.cn/t/n6rY7j7vIzui, xd35
6大秘籍教你挽回爱情 避免掉坑,两性相关, https://www.x6d.com/i-wz-10337.html, https://pan.baidu.com/s/1tjGKBrzFJoBCiKKULtHEQw, 2333, https://cloud.189.cn/t/z22m6jniqMni, qtf9
霍金《时间简史》 有声解读,长点知识, https://www.x6d.com/i-wz-10307.html, https://pan.baidu.com/s/1x_kbkom057NB4jQRPVfGhA, 2333, https://cloud.189.cn/t/r2IFJbJrMnqu, 0lea
30天零基础变身摄影达人,摄影剪辑, https://www.x6d.com/i-wz-10353.html, https://pan.baidu.com/s/1aUUQkkBkKasF9ZfWm8veLg, 4ucb, https://cloud.189.cn/t/mU7bAbfmEJNr, 7r46
高情商秘籍：搞定复杂人际关系,职场关系, https://www.x6d.com/i-wz-10234.html, https://pan.baidu.com/s/199N1JZN-QK1CJ0Y_bXo1tA, x6d6, https://cloud.189.cn/t/BFFRzeNFrIRz, 2fti
超级识人术：知人知面更知心,职场关系, https://www.x6d.com/i-wz-10233.html, https://pan.baidu.com/s/19l6uSwI3Ufo8gCSTGs3Ukg, x6d6, https://cloud.189.cn/t/Q73IJ3YBFFru, mj60
10倍提升沟通力 高情商秘籍,自我提升, https://www.x6d.com/i-wz-10204.html, https://pan.baidu.com/s/1BXoeAdkrhGjp27xZImoYQQ, n56s, https://cloud.189.cn/t/yU363eVzyiuu, ng0k
挑战不可能 教你读透人心,自我提升, https://www.x6d.com/i-wz-10218.html, https://pan.baidu.com/s/1LgvdU9QI6w-nRLZhvSsHUA, ekd4, https://cloud.189.cn/t/2yMFZnaIVzEr, li4b
跟全球最牛“摄影师”学摄影！,摄影剪辑, https://www.x6d.com/i-wz-10248.html, https://pan.baidu.com/s/1MH__JTUsq_JuO8iaWMVZKQ, x6d6, https://cloud.189.cn/t/3aqIZ3Ajmm2q, 1ce9
抖音赚钱秘籍：0基础做爆款,新媒体运营, https://www.x6d.com/i-wz-10351.html, https://pan.baidu.com/s/1ga49XMoEVOcrawkc7E2IMw, 2333, https://cloud.189.cn/t/FfuAzq2qqIBz, uca5
阿哲撩妹私教课：我知女人心,两性相关, https://www.x6d.com/i-wz-10264.html, https://pan.baidu.com/s/1ctqyFxd-_6gbtuarQOWM3g, 2333, https://cloud.189.cn/t/b6reeyyIvmAf, 79bs
新京报大咖图书馆 与好书相遇,长点知识, https://www.x6d.com/i-wz-10262.html, https://pan.baidu.com/s/1ACGX9vX7gkptraU8s2HYkA, x6d6, https://cloud.189.cn/t/uMJbmyeMRjym, u4dd
墨菲定律：避开人生倒霉的20个坑,其他教程, https://www.x6d.com/i-wz-10280.html, https://pan.baidu.com/s/1bsW83nvi_Eg8PNdXQZSe0g, 2333, https://cloud.189.cn/t/3mi2MzMZ3e6j, 2apg
完美前戏7步曲 让ta招架不住,两性相关, https://www.x6d.com/i-wz-10279.html, https://pan.baidu.com/s/1Y4K7BL49-hwQztnwm_ottg, 2333, https://cloud.189.cn/t/aU3EFzQzmaAv, fd0j
讲透鬼谷子社交智慧绝学30课,职场关系, https://www.x6d.com/i-wz-10245.html, https://pan.baidu.com/s/1EPGKq3efmdWu6WNPL9Ffyg, x6d6, https://cloud.189.cn/t/7nu2AryyMJ32, 2wjp
程序员的情商课 职场生存攻略,职场关系, https://www.x6d.com/i-wz-10137.html, https://pan.baidu.com/s/1I2xsikV1qruYrbo8Y6ig_Q, x6d6, https://cloud.189.cn/t/VnaQzeJZj2ya, o6if
24个绘本阅读秘籍 提升阅读力,自我提升, https://www.x6d.com/i-wz-10153.html, https://pan.baidu.com/s/182Jb-C-hGDyL8m4FjidUPg, m94z, https://cloud.189.cn/t/e2IbiqEnYvMz, 215d
调情秘籍初阶＋高阶完整教程,两性相关, https://www.x6d.com/i-wz-10136.html, https://pan.baidu.com/s/14w4aaL9c53NSOjf_rBE91A, x6d6, https://cloud.189.cn/t/vIvuqaUnyYNj, ugq2
32堂小白理财课 助你钱生钱,自我提升, https://www.x6d.com/i-wz-10117.html, https://pan.baidu.com/s/104a1tJpeIcY73twEAefObA, x6d6, https://cloud.189.cn/t/QJzUnqF732mq, mt4e
5分钟速读100本经典好书,长点知识, https://www.x6d.com/i-wz-10171.html, https://pan.baidu.com/s/14szpdZkpEqQPOf1NA5EpLA, t8pp, https://cloud.189.cn/t/mYVjYfaqAn6n, x9g5
240万人成功的学霸养成攻略,自我提升, https://www.x6d.com/i-wz-10184.html, https://pan.baidu.com/s/1dwWCU8RssQLz3sg9UfbLUQ, qijv, https://cloud.189.cn/t/vEBRR3fEnUNn, zm6j
高转化率文案套路修炼手册,新媒体运营, https://www.x6d.com/i-wz-10186.html, https://pan.baidu.com/s/1dZd5QbtWPMMgQaKwwoUAwA, ws2e, https://cloud.189.cn/t/3UbaQjzANfqu, mmw3
电脑族必须学的颈椎保养课,其他教程, https://www.x6d.com/i-wz-10203.html, https://pan.baidu.com/s/1MjIxUpNEf4qwG6LEpbA9oA, g1ry, https://cloud.189.cn/t/qyaaiuN3Y3yu, 7jnj
零基础学习PPT软件教程,编程办公, https://www.x6d.com/i-wz-10017.html, https://pan.baidu.com/s/1DN7OKb6PmmyMBl6SzOJ1sQ, x6d6, https://cloud.189.cn/t/6jUbaqBjemii, el6p
90天运营实战班 掌握BAT秘籍,新媒体运营, https://www.x6d.com/i-wz-10030.html, https://pan.baidu.com/s/1c1AEG7y3gUS9A02Fa60Spg, x6d6, https://cloud.189.cn/t/EZvA32mi6vAr, 5h3g
手机摄影基础教程 附素材,摄影剪辑, https://www.x6d.com/i-wz-10048.html, https://pan.baidu.com/s/149MPrauBPm8wqXvo9loslA, x6d6, https://cloud.189.cn/t/ZZzu22mQNRJb, ygt9
零基础学航拍 玩无人机必看,摄影剪辑, https://www.x6d.com/i-wz-10028.html, https://pan.baidu.com/s/1z_x3MbVyF1flHJyK6UGQvg, x6d6, https://cloud.189.cn/t/7BvE7jRBbIzm, wq7e
30天最强思维导图训练营,编程办公, https://www.x6d.com/i-wz-10046.html, https://pan.baidu.com/s/1YLQ77JpL4DrCrAsQAnRuGA, x6d6, https://cloud.189.cn/t/f2Uj6fyARfEf, 0rz1
做不操心的父母，养育优秀自信的孩子,其他教程, https://www.x6d.com/i-wz-10064.html, https://pan.baidu.com/s/175dA7KNrWKZLUWHQVmm5MQ, x6d6, https://cloud.189.cn/t/2mqyIjN3yu22, fd00
婚姻情感&家庭咨询技能大全,两性相关, https://www.x6d.com/i-wz-10084.html, https://pan.baidu.com/s/16x2OyzAawE9--JK9a1CwPg, x6d6, https://cloud.189.cn/t/aEFNZraYjUBr, 5kv2
跳槽必听的5本书 为你扫清困惑,职场关系, https://www.x6d.com/i-wz-10083.html, https://pan.baidu.com/s/1nDodJQmrlWE1oClWpSb6Gg, x6d6, https://cloud.189.cn/t/NzaIvav6vqAr, drh2
发现最佳工作模式 自我探索课,自我提升, https://www.x6d.com/i-wz-10098.html, https://pan.baidu.com/s/11lQDBf16XrWDTQZabyHhhQ, x6d6, https://cloud.189.cn/t/QzyIN3UvIJBn, ut7x
情绪减压：用心理轻松生活,自我提升, https://www.x6d.com/i-wz-10063.html, https://pan.baidu.com/s/1ZhhMEELmz_0NDAfaW3d17w, x6d6, https://cloud.189.cn/t/aeuqyuUz22Qz, gs5b
一天学会数字算命 改变命运,健身养生, https://www.x6d.com/i-wz-9989.html, https://pan.baidu.com/s/1RVuC8k8vg9lctKEsWn6Ufw, x6d6, https://cloud.189.cn/t/Jj6FNjJnI3ma, jsg9
居家清洁防护课 掌握大学问,健身养生, https://www.x6d.com/i-wz-9983.html, https://pan.baidu.com/s/1j7a3bc8qnl9jdb6rmRT3jg, x6d6, https://cloud.189.cn/t/I3YrA37fq6jq, 0lrj
7天高效使用XMind思维导图,编程办公, https://www.x6d.com/i-wz-10004.html, https://pan.baidu.com/s/1og4V8S1U1IcGPI3EdfS55Q, x6d6, https://cloud.189.cn/t/ri2immeiqmma, fh57
Excel VBA编程入门教程,编程办公, https://www.x6d.com/i-wz-9999.html, https://pan.baidu.com/s/1nsi_zr3Dr-OuuR3RvwGJIA, x6d6, https://cloud.189.cn/t/eAZfE3NRJFZb, 2xiy
十二节课教你用手机拍出大片,摄影剪辑, https://www.x6d.com/i-wz-9966.html, https://pan.baidu.com/s/1BdaqDjC79YX3bYeH935__g, x6d6, https://cloud.189.cn/t/Qvya6vfEniYr, f0ou
16堂最接地气的风水解谜课,长点知识, https://www.x6d.com/i-wz-10166.html, https://pan.baidu.com/s/15tDSATg-QIDdy3-k2vGqCw, x6d6, https://cloud.189.cn/t/ABzIBrn2qqqe, 7y6s
零基础学习视频剪辑软件剪映,摄影剪辑, https://www.x6d.com/i-wz-9930.html, https://pan.baidu.com/s/1d_2Wufsy3-0aF1x9ZNRM-g, x6d6, https://cloud.189.cn/t/Mr2mmyuiYVJr, 8xm3
从恋爱小白到撩妹高手进阶,两性相关, https://www.x6d.com/i-wz-10013.html, https://pan.baidu.com/s/1cyhAJC3b1pHUQP4b2DYGUQ, x6d6, https://cloud.189.cn/t/eUrqqiUR3Yne, n8qb
玩转手机摄影，你要知道的基本功能,摄影剪辑, https://www.x6d.com/i-wz-9947.html, https://pan.baidu.com/s/1iCYoIj4VtjW_9bN_mbasxA, x6d6, https://cloud.189.cn/t/rMjiyqU3uEj2, 8qvd
协和专家的科学备孕攻略,其他教程, https://www.x6d.com/i-wz-9865.html, https://pan.baidu.com/s/1KJR153nXFmKYmL7tRpnvZA, x6d6, https://cloud.189.cn/t/vYfaeaEVnAnq, 0txm
拍张好照片 跟七七学生活摄影,摄影剪辑, https://www.x6d.com/i-wz-9833.html, https://pan.baidu.com/s/1Y0nYWFF2rvPQ8DQOW0JDnQ, x6d6, https://cloud.189.cn/t/aUbERbjAvMne, p0pm
清华教授讲经济 带你抓住财富,长点知识, https://www.x6d.com/i-wz-9822.html, https://pan.baidu.com/s/1DA-P6H1C5UYfchX39lM0TQ, x6d6, https://cloud.189.cn/t/VNJz6nB3QRzy, 8df5
在潜意识中，根植一个自信的你,其他教程, https://www.x6d.com/i-wz-9827.html, https://pan.baidu.com/s/1-KZIR-IIh62eT2Avy8amGw, x6d6, https://cloud.189.cn/t/MFbYjyu2Mbmu, iu83
印象笔记完全使用手册 让信息有序沉淀,其他教程, https://www.x6d.com/i-wz-9879.html, https://pan.baidu.com/s/1csWitdro_Ree8ZI0MNmGjw, x6d6, https://cloud.189.cn/t/YZVNNvEZVNju, 3qnd
一只灯学打光，家里就是摄影棚,摄影剪辑, https://www.x6d.com/i-wz-9893.html, https://pan.baidu.com/s/1ieVCQz3uswgRLxbx2hQHvw, x6d6, https://cloud.189.cn/t/aeU7jqQ36jqy, 6tmw
谷歌GO语言编程基础教程,编程办公, https://www.x6d.com/i-wz-9908.html, https://pan.baidu.com/s/1mMSoU5JqfM0N6fluN6uYdA, x6d6, https://cloud.189.cn/t/Fnia2mfEbEfu, 0elp
简历包装术 教你写值钱简历,职场关系, https://www.x6d.com/i-wz-9682.html, https://pan.baidu.com/s/1h_FCAQUAN-hgOt5mmajNag, x6d6, https://cloud.189.cn/t/uaInI3Mzyeee, 3zit
管理者必学的20堂采购课,其他教程, https://www.x6d.com/i-wz-9850.html, https://pan.baidu.com/s/1GNxcU7mRIVsEjZiY1ZC5zw, x6d6, https://cloud.189.cn/t/aUr2iq6bqmUr, 4tbt
40节活出自在的心理成长课,其他教程, https://www.x6d.com/i-wz-9695.html, https://pan.baidu.com/s/1k_Vi0U2jovqf21EXlpjEyA, x6d6, https://cloud.189.cn/t/3yiAru26jyui, lst9
美食摄影师：摆盘的视觉盛宴,摄影剪辑, https://www.x6d.com/i-wz-9911.html, https://pan.baidu.com/s/1GvULx5ht96Nc2Npq5PvDXQ, x6d6, https://cloud.189.cn/t/ZrI773ZvUfU3, 4kgb
冯注龙PS+PPT+Excel+Word,编程办公, https://www.x6d.com/i-wz-9727.html, https://pan.baidu.com/s/1Gg7xcOmsqoVENnV2agtI_Q, x6d6, https://cloud.189.cn/t/Mbe2uuqYnYJz, 88sl
职场高手的12堂工作汇报术,职场关系, https://www.x6d.com/i-wz-9747.html, https://pan.baidu.com/s/1KqOno5O7h7IJ0j4eCOonGg, x6d6, https://cloud.189.cn/t/MJnmIzEBf2ye, 5zfu
优等生养成课 搞定不爱学习,其他教程, https://www.x6d.com/i-wz-9807.html, https://pan.baidu.com/s/1_GU4UXOws7FSwq2myeQxFw, x6d6, https://cloud.189.cn/t/FZf673VRfAjy, g0vs
给中国家长的52堂课 每位都该听,其他教程, https://www.x6d.com/i-wz-9777.html, https://pan.baidu.com/s/1mZYj01l4DRQ7HGy5R3UqGA, x6d6, https://cloud.189.cn/t/IvM7ziYjiAbe, ws4b
零基础也能学会的唱歌课,自我提升, https://www.x6d.com/i-wz-9790.html, https://pan.baidu.com/s/15eLpVi8QExqUbVJPfuS4tQ, x6d6, https://cloud.189.cn/t/r2aMfaVjYbmm, sa5t
30天情感写手培训营 教你学故事创作,其他教程, https://www.x6d.com/i-wz-9791.html, https://pan.baidu.com/s/159GW4mubnlXXkNvC_psqWQ, x6d6, https://cloud.189.cn/t/iyqiEfQRV7ja, 9ovk
技术含量高的升迁绝学 通往总裁之路,职场关系, https://www.x6d.com/i-wz-9551.html, https://pan.baidu.com/s/1SiVYzsxI6PdQP4dn_ETGDg, x6d6, https://cloud.189.cn/t/ZZbIRvAjEney, 6fep
每天18分钟，轻松拥有迷人马甲线,健身养生, https://www.x6d.com/i-wz-9557.html, https://pan.baidu.com/s/1R9FIS11Irgz-TKmJza-h5Q, x6d6, https://cloud.189.cn/t/MZniEvJVN3Yv, rcd1
清单技能课 小工具 大革命,自我提升, https://www.x6d.com/i-wz-9566.html, https://pan.baidu.com/s/10noPrDhSZ6P4fFj78AOXIw, x6d6, https://cloud.189.cn/t/E3yeY3AnMvme, i59n
2020极简核心论文写作指南,其他教程, https://www.x6d.com/i-wz-9583.html, https://pan.baidu.com/s/1ppqjFp6IosMHLW6ETH_lHw, x6d6, https://cloud.189.cn/t/uAj6Jrqu6Rbi, dho3
小白进阶百万播放量Vlogger,摄影剪辑, https://www.x6d.com/i-wz-9769.html, https://pan.baidu.com/s/10CxekV1SAJxlzvg_BGFvEQ, x6d6, https://cloud.189.cn/t/ABbEVvINvE7f, wlp2
240万人成功实践的学霸养成攻略,自我提升, https://www.x6d.com/i-wz-9565.html, https://pan.baidu.com/s/1bJ75L1hsLVmONhHKu1WSYg, x6d6, https://cloud.189.cn/t/If2YZzZzQn6z, 4sxw
火箭燃脂：狂甩过年堆积脂肪,健身养生, https://www.x6d.com/i-wz-9647.html, https://pan.baidu.com/s/1ay2TyQ0XbqD5g04O8YUJ7w, x6d6, https://cloud.189.cn/t/aQFRJjM3Qb2i, pok0
精读全球好书100本第三季,长点知识, https://www.x6d.com/i-wz-9663.html, https://pan.baidu.com/s/1QrK1BOJhsZ12UbrwVXLqvQ, x6d6, https://cloud.189.cn/t/RniIB3RVBbEz, 6imy
40部女神书单，读书的女人不怕老,长点知识, https://www.x6d.com/i-wz-9598.html, https://pan.baidu.com/s/1iV6HXUzxeq8fslcLkDCS_g, x6d6, https://cloud.189.cn/t/J3eMVfMveYvq, q29d
让夫妻更亲密的婚姻必修课,两性相关, https://www.x6d.com/i-wz-9634.html, https://pan.baidu.com/s/1CZBo5mJkA6u_Du3SZDKu-g, x6d6, https://cloud.189.cn/t/VN7Z7bBNVfi2, atw5
肩颈训练课 20分钟换个新脖子,其他教程, https://www.x6d.com/i-wz-9539.html, https://pan.baidu.com/s/14Dn0uOeTc-3AOBv8yIFFiw, x6d6, https://cloud.189.cn/t/R3ym6nUviEBv, oxx7
意象对话40讲 寻找内心的答案,其他教程, https://www.x6d.com/i-wz-9540.html, https://pan.baidu.com/s/1gVNVpdt_TLqftS87KrvoOg, x6d6, https://cloud.189.cn/t/uMv2mma6BRNr, v90u
